Day,Sales,X-MeanX,Y-MeanY,(X-MeanX)*(Y-MeanY),(X-MeanX)*(X-MeanX),M,C,NewLine,,,,
1,2,-4.5,-8.7,39.15,4,0.5359385666,7.752337884,8.016877256,,,,
2,4,2,4,8,16,,,8.56868231,,,,
3,5,3,5,15,25,,,9.120487365,,,,
4,8,4,8,32,64,,,9.672292419,,,,
5,11,5,11,55,121,,,10.22409747,,,MeanX,MeanY
6,13,6,13,78,169,,,10.77590253,,,5.5,10.7
7,12,7,12,84,144,,,11.32770758,,,,
8,15,8,15,120,225,,,11.87951264,,,,
9,16,9,16,144,256,,,12.43131769,,,,
10,21,10,21,210,441,,,12.98312274,,,,